Rails ToDo Project,Build a Todo List Application with Rails 4,1
Rails ToDo Project,User Authentication with Rails,2
Rails ToDo Project,Rails Layouts and CSS Frameworks,3
Rails ToDo Project,The Rails Asset Pipeline and Styling,4
Rails ToDo Project,Rails Partials and Helpers,5
Rails ToDo Project,Ruby on Rails Forms,6
Rails ToDo Project,Blank Slates in Ruby on Rails,7
Rails ToDo Project,Polishing Ruby on Rails,8
Rails ToDo Project,Building Social Features in Ruby on Rails,9
Rails ToDo Project,Advanced Social Features in Ruby on Rails,10
Web Design,How to Make a Website,1
Web Design,HTML Forms,2
Web Design,HTML Tables,3
Web Design,CSS Foundations,4
Web Design,CSS Layout Techniques,5
Web Design,Aesthetic Foundations,6
Web Design,Design Foundations,7
Web Design,Photoshop Foundations,8
Web Design,Illustrator Foundations,9
Web Design,Logo Design Basics,10
Web Design,Brand Identity Basics,11
Web Design,UX Basics,12
Web Design,SEO Basics,13
Web Design,Sass Basics,14
Web Design,Compass Basics,15
Front End Web Development,How to Make a Website,1
Front End Web Development,CSS Foundations,2
Front End Web Development,Introduction to Programming,3
Front End Web Development,JavaScript Foundations,4
Front End Web Development,HTML Forms,5
Front End Web Development,Interactive Web Pages with JavaScript,6
Front End Web Development,jQuery Basics,7
Front End Web Development,HTML Tables,8
Front End Web Development,AJAX Basics,9
Front End Web Development,Accessibility,10
Front End Web Development,Website Optimization,11
Front End Web Development,Console Foundations,12
Front End Web Development,Git Basics,13
Front End Web Development,Sass Basics,14
Rails Development,How to Make a Website,1
Rails Development,Introduction to Programming,2
Rails Development,Ruby Basics,3
Rails Development,JavaScript Foundations,4
Rails Development,Console Foundations,5
Rails Development,Git Basics,6
Rails Development,Installing a Ruby Development Environment,7
Rails Development,Ruby Foundations,8
Rails Development,Build a Todo List Application with Rails 4,9
Rails Development,Database Foundations,10
Rails Development,ActiveRecord Basics,11
Rails Development,User Authentication with Rails,12
Learn Ruby,Ruby Basics,1
Learn Ruby,Ruby Operators and Control Structures,2
Learn Ruby,Ruby Collections,3
Learn Ruby,Ruby Loops,4
Learn Ruby,Ruby Objects and Classes,5
Learn Ruby,Ruby Booleans,6
Learn Ruby,Ruby Blocks,7
Android Development,Java Basics,1
Android Development,Java Objects,2
Android Development,Build a Simple Android App,3
Android Development,Build an Interactive Story App,4
Android Development,Publish an Android App,5
Android Development,Android Tools,6
Android Development,Build a Weather App,7
Android Development,Android Lists and Adapters,8
Android Development,Build a Self-Destructing Message Android App,9
Android Development,Implementing Designs for Android,10
Android Development,Android Data Persistence,11
